Company name,Website
ğ‘¬ğ’ğ’‘ğ’“ğ’†ğ’”ğ’” ğ‘¬,EMPRESSESSENCEJEWELRY.COM
Justbuymegodlytees,FLOWCODE.COM
Shop Luxury Wardrobe,LUXURY-WARDROBE.COM
10 North Shore Shops You Can't Miss,JANELEEHOMES.COM
Odinson,
Lojamirraz,API.WHATSAPP.COM
"Apartments Now Leasing in Dallas, TX",SKYEOFTURTLECREEK.COM
Thoughtfully Designed Floor Plans,SKYEOFTURTLECREEK.COM
Sparkling Resort Style Pool,SKYEOFTURTLECREEK.COM
Ctr Xann,MARLO-VISION-STUDIOS-103361.SQUARE.SITE
Undadog Clothing,UNDADOGCLOTHES.MYSHOPIFY.COM
Sayle Designs,ETSY.COM
à¸£à¹‰à¸²à¸™à¹€à¸ªà¸·à¹‰à¸­à¸£à¸±à¸šà¸­à¸­à¸à¹à¸šà¸šà¹à¸¥à¸°à¸œà¸¥à¸´à¸•,
LoveBalance Apparel,LOVEBALANCE.NET
Sir London Michael,
Homeipo.org - Learn About Home IPOs,
VIBE N SLURP,VIBENSLURP.COM
Doc & Lill,DOCANDLILL.COM
roots roll reggae,
Roots Roll Reggae,ROOTSROLLREGGAE.COM
Legacy Apparel,
ONEX USA,ONEXUSA.COM
